File,Hash
pgdk.exe,8EA8588E82690B0E2C8AFD8AE57F740F24979E5AB5693F91F539F040D246C217
0037f7733689a74f2678cba42a603866.cab,81289C202E7B7B448DBC65E366A913F25B4CEA01FB24EBCEC6E9DE3D34B42523
0c1fee1f1fa4d6c8786fbc0c7b120f73.cab,3033F28425C92DD3765FF7D1EF4E8745F41B26CF7F3A6C6CD34B9B3C599D1996
0dcddf57dcb7f31111cb5f6f6ff7ccc4.cab,FCD72F716ABB2649556C959C26E522B56FB96AA11785B115BE2049760AD1821E
120b38b03e1fe7823dcdd24eb5a8bcaf.cab,D0AF96F4D06037FD8FE02E4EC6EF69E4AA41AFFD9A0083CCDF8076E7DE4D24DB
225844a1bab841099454c5237635d794.cab,8EB718ABEDF6CB8D7A18B8322579E32832B607B7B9A8BACE3E0B4F61BD0594FF
29ed3e615b33e5f98eeb2dc2ff475882.cab,8FC59B5103FA42C699C419A6F31390298072C831ACA1E32B7B43DD0BA3191F03
30679793b6e614f833a017b2e03aa8d6.cab,BB3667ACA85C03B2E695640094A241242CF079FF2625B2B0323EB87798133EA4
4d130c9bb17b42ddd2480080247f1974.cab,D55B272AD6D88C37AF9C739DD1D40377F559908F54CBD937E5CF6684E6BAEF0A
5868e5de5f8aa2952743e66ae7294f75.cab,0F23C71FA56C406575446B6C3FB2BC9B64F3CE6E2DAC97C03114857B189AE052
670febca25fedf84a45c7147c362244d.cab,35A0DFD2C96853892474389AD8E48EF131BD6B782E23182C5F1B8C82D2AA33CF
684510cc5169f6bdb703004bc00da21b.cab,83A3384E95F6E4E7A639A19FDFF1493502712884F82CE5BA7CA93B7F387D7452
76f86130718ca751edd6d8906ea62638.cab,B58C53B8B8BFC9B8C00A227ADBBF7471E400D8F8C5CDA4C8CAF6D3FEA61F83A6
7a840960c3ecdf664d4283614112b685.cab,FB85CEBA1D7CB7C0613C522AAC16C018FA3A6A2AABA93F4A4B856793C7125AD6
7e85ae666854837dec3b2637a97c5ee0.cab,B9ADEA0DD68B0C043AE32879641F368BC9FE059EF708368CC24928EFEE6BEB4D
896f53e30f7db35c7600bcbd0c7acd04.cab,7EB0FBB539A51AB91DFD962A2405F151CDF71B2242B6CDC234823891F8C6D6F9
8c499b56707a4a2a53feb53819c881e6.cab,58ADF5142C90E0CC0175854126404538CBBBBBDB02602D2ABE7B97C893355FEF
a0081bc6af0e22113755259a9279b8c1.cab,D01A3ACD08DB1C980F70F8ADDDEF9A9684B7CDAD3DE8AA4C4791E1A1080E4973
b5a3a0cfca4a553d0272f020cd99aa37.cab,7C0E0BB143D797BB013DA3DE91872CE446132249ED50AD588F426FAA8438EA14
be91a880ff793bf3b90a60284bf3bad5.cab,82677F0CC5B79B55746F2445CF80B60B752784F5A201B91700518E3CAFEFBD9E
c4f69fa2f7d846a38736469a9568d733.cab,BE20ECC0E53481A827A1376BB3FE153EA3FDA35275B58281042C5081DE9920F8
cb5d76c683a994a2bde8042e1d61e2b6.cab,54C8C7C9A3493046FD037F76E866238828D5D27C5BB7703B0BD4A150DA586B58
ded860912bf935135bda92ea394b7237.cab,4EB993C00C3D05E0A4E1718B187F9D3563F47533E8E3D60E8FA84DC5391B324A
e1804a824a4f1019f939809b7470ec43.cab,6B713DFDBD16C231A03BBCC3772ADCB058A4E5299FFF6E47A1B9BCC9DFDA03D4
eb3a81b1afe8ad5d24a4e1c8b01808ce.cab,C14AFB589F2929018A38EB06F7C0B198F62C099C42434EC55A97F5011358A996
faccc661227fc6a4ddc96f6ea9e1b76f.cab,2601D2A1AC3E59D00C34538C5AF0A3159632645869F3C6A3EE93B0EDB78E502F
